[
  {
    "code": "01",
    "name": "北海道",
    "en": "Hokkaido",
    "id": "hokkaido"
  },
  {
    "code": "02",
    "name": "青森県",
    "en": "Aomori",
    "id": "aomori"
  },
  {
    "code": "03",
    "name": "岩手県",
    "en": "Iwate",
    "id": "iwate"
  },
  {
    "code": "04",
    "name": "宮城県",
    "en": "Miyagi",
    "id": "miyagi"
  },
  {
    "code": "05",
    "name": "秋田県",
    "en": "Akita",
    "id": "akita"
  },
  {
    "code": "06",
    "name": "山形県",
    "en": "Yamagata",
    "id": "yamagata"
  },
  {
    "code": "07",
    "name": "福島県",
    "en": "Fukushima",
    "id": "fukushima"
  },
  {
    "code": "08",
    "name": "茨城県",
    "en": "Ibaraki",
    "id": "ibaraki"
  },
  {
    "code": "09",
    "name": "栃木県",
    "en": "Tochigi",
    "id": "tochigi"
  },
  {
    "code": "10",
    "name": "群馬県",
    "en": "Gumma",
    "id": "gumma"
  },
  {
    "code": "11",
    "name": "埼玉県",
    "en": "Saitama",
    "id": "saitama"
  },
  {
    "code": "12",
    "name": "千葉県",
    "en": "Chiba",
    "id": "chiba"
  },
  {
    "code": "13",
    "name": "東京都",
    "en": "Tokyo",
    "id": "tokyo"
  },
  {
    "code": "14",
    "name": "神奈川県",
    "en": "Kanagawa",
    "id": "kanagawa"
  },
  {
    "code": "15",
    "name": "新潟県",
    "en": "Niigata",
    "id": "niigata"
  },
  {
    "code": "16",
    "name": "富山県",
    "en": "Toyama",
    "id": "toyama"
  },
  {
    "code": "17",
    "name": "石川県",
    "en": "Ishikawa",
    "id": "ishikawa"
  },
  {
    "code": "18",
    "name": "福井県",
    "en": "Fukui",
    "id": "fukui"
  },
  {
    "code": "19",
    "name": "山梨県",
    "en": "Yamanashi",
    "id": "yamanashi"
  },
  {
    "code": "20",
    "name": "長野県",
    "en": "Nagano",
    "id": "nagano"
  },
  {
    "code": "21",
    "name": "岐阜県",
    "en": "Gifu",
    "id": "gifu"
  },
  {
    "code": "22",
    "name": "静岡県",
    "en": "Shizuoka",
    "id": "shizuoka"
  },
  {
    "code": "23",
    "name": "愛知県",
    "en": "Aichi",
    "id": "aichi"
  },
  {
    "code": "24",
    "name": "三重県",
    "en": "Mie",
    "id": "mie"
  },
  {
    "code": "25",
    "name": "滋賀県",
    "en": "Shiga",
    "id": "shiga"
  },
  {
    "code": "26",
    "name": "京都府",
    "en": "Kyoto",
    "id": "kyoto"
  },
  {
    "code": "27",
    "name": "大阪府",
    "en": "Osaka",
    "id": "osaka"
  },
  {
    "code": "28",
    "name": "兵庫県",
    "en": "Hyogo",
    "id": "hyogo"
  },
  {
    "code": "29",
    "name": "奈良県",
    "en": "Nara",
    "id": "nara"
  },
  {
    "code": "30",
    "name": "和歌山県",
    "en": "Wakayama",
    "id": "wakayama"
  },
  {
    "code": "31",
    "name": "鳥取県",
    "en": "Tottori",
    "id": "tottori"
  },
  {
    "code": "32",
    "name": "島根県",
    "en": "Shimane",
    "id": "shimane"
  },
  {
    "code": "33",
    "name": "岡山県",
    "en": "Okayama",
    "id": "okayama"
  },
  {
    "code": "34",
    "name": "広島県",
    "en": "Hiroshima",
    "id": "hiroshima"
  },
  {
    "code": "35",
    "name": "山口県",
    "en": "Yamaguchi",
    "id": "yamaguchi"
  },
  {
    "code": "36",
    "name": "徳島県",
    "en": "Tokushima",
    "id": "tokushima"
  },
  {
    "code": "37",
    "name": "香川県",
    "en": "Kagawa",
    "id": "kagawa"
  },
  {
    "code": "38",
    "name": "愛媛県",
    "en": "Ehime",
    "id": "ehime"
  },
  {
    "code": "39",
    "name": "高知県",
    "en": "Kochi",
    "id": "kochi"
  },
  {
    "code": "40",
    "name": "福岡県",
    "en": "Fukuoka",
    "id": "fukuoka"
  },
  {
    "code": "41",
    "name": "佐賀県",
    "en": "Saga",
    "id": "saga"
  },
  {
    "code": "42",
    "name": "長崎県",
    "en": "Nagasaki",
    "id": "nagasaki"
  },
  {
    "code": "43",
    "name": "熊本県",
    "en": "Kumamoto",
    "id": "kumamoto"
  },
  {
    "code": "44",
    "name": "大分県",
    "en": "Oita",
    "id": "oita"
  },
  {
    "code": "45",
    "name": "宮崎県",
    "en": "Miyazaki",
    "id": "miyazaki"
  },
  {
    "code": "46",
    "name": "鹿児島県",
    "en": "Kagoshima",
    "id": "kagoshima"
  },
  {
    "code": "47",
    "name": "沖縄県",
    "en": "Okinawa",
    "id": "okinawa"
  }
]